name,label
train/3/7463.png,3
train/3/9829.png,3
train/3/7881.png,3
train/3/8065.png,3
train/3/7046.png,3
train/3/7745.png,3
train/3/7156.png,3
train/3/8606.png,3
train/3/8884.png,3
train/3/8663.png,3
train/3/9812.png,3
train/3/7982.png,3
train/3/9140.png,3
train/3/9529.png,3
train/3/856.png,3
train/3/8241.png,3
train/3/7162.png,3
train/3/7655.png,3
train/3/9059.png,3
train/3/8406.png,3
train/3/9363.png,3
train/3/8184.png,3
train/3/8077.png,3
train/3/8295.png,3
train/3/8099.png,3
train/3/7067.png,3
train/3/8879.png,3
train/3/8115.png,3
train/3/9638.png,3
train/3/9278.png,3
train/3/9180.png,3
train/3/9871.png,3
train/3/8941.png,3
train/3/8192.png,3
train/3/811.png,3
train/3/8709.png,3
train/3/843.png,3
train/3/8967.png,3
train/3/9851.png,3
train/3/9006.png,3
train/3/789.png,3
train/3/840.png,3
train/3/8765.png,3
train/3/9411.png,3
train/3/8541.png,3
train/3/8773.png,3
train/3/9293.png,3
train/3/8338.png,3
train/3/8164.png,3
train/3/9386.png,3
train/3/9778.png,3
train/3/7935.png,3
train/3/9685.png,3
train/3/7030.png,3
train/3/9355.png,3
train/3/8135.png,3
train/3/7295.png,3
train/3/8888.png,3
train/3/7778.png,3
train/3/7483.png,3
train/3/9680.png,3
train/3/9184.png,3
train/3/8551.png,3
train/3/9080.png,3
train/3/8227.png,3
train/3/9226.png,3
train/3/7134.png,3
train/3/7590.png,3
train/3/8605.png,3
train/3/8795.png,3
train/3/8946.png,3
train/3/7080.png,3
train/3/9420.png,3
train/3/8808.png,3
train/3/8259.png,3
train/3/7569.png,3
train/3/8055.png,3
train/3/8246.png,3
train/3/9380.png,3
train/3/9864.png,3
train/3/7678.png,3
train/3/9511.png,3
train/3/7584.png,3
train/3/9706.png,3
train/3/7123.png,3
train/3/7261.png,3
train/3/7784.png,3
train/3/9302.png,3
train/3/8818.png,3
train/3/7692.png,3
train/3/7189.png,3
train/3/8018.png,3
train/3/7675.png,3
train/3/8948.png,3
train/3/7332.png,3
train/3/8188.png,3
train/3/9300.png,3
train/3/8635.png,3
train/3/9413.png,3
train/3/7800.png,3
train/3/8427.png,3
train/3/9230.png,3
train/3/8882.png,3
train/3/7507.png,3
train/3/9916.png,3
train/3/9696.png,3
train/3/7556.png,3
train/3/7613.png,3
train/3/7097.png,3
train/3/9670.png,3
train/3/8279.png,3
train/3/8395.png,3
train/3/8013.png,3
train/3/9932.png,3
train/3/8537.png,3
train/3/9074.png,3
train/3/8880.png,3
train/3/7250.png,3
train/3/7387.png,3
train/3/8672.png,3
train/3/9255.png,3
train/3/7767.png,3
train/3/731.png,3
train/3/9617.png,3
train/3/8762.png,3
train/3/8505.png,3
train/3/9739.png,3
train/3/9279.png,3
train/3/9418.png,3
train/3/9612.png,3
train/3/9953.png,3
train/3/966.png,3
train/3/7841.png,3
train/3/8524.png,3
train/3/7521.png,3
train/3/98.png,3
train/3/7600.png,3
train/3/9779.png,3
train/3/8893.png,3
train/3/975.png,3
train/3/7.png,3
train/3/9592.png,3
train/3/7878.png,3
train/3/7625.png,3
train/3/7106.png,3
train/3/7832.png,3
train/3/9412.png,3
train/3/9766.png,3
train/3/7861.png,3
train/3/867.png,3
train/3/8014.png,3
train/3/8195.png,3
train/3/9182.png,3
train/3/7336.png,3
train/3/8054.png,3
train/3/8907.png,3
train/3/8554.png,3
train/3/8350.png,3
train/3/8729.png,3
train/3/7698.png,3
train/3/9403.png,3
train/3/8039.png,3
train/3/8568.png,3
train/3/9974.png,3
train/3/7794.png,3
train/3/7367.png,3
train/3/9289.png,3
train/3/8800.png,3
train/3/8236.png,3
train/3/7209.png,3
train/3/8498.png,3
train/3/7065.png,3
train/3/8976.png,3
train/3/8923.png,3
train/3/9272.png,3
train/3/9636.png,3
train/3/9913.png,3
train/3/7415.png,3
train/3/9078.png,3
train/3/9107.png,3
train/3/7762.png,3
train/3/8936.png,3
train/3/953.png,3
train/3/8475.png,3
train/3/9639.png,3
train/3/7862.png,3
train/3/7293.png,3
train/3/9443.png,3
train/3/9516.png,3
train/3/7634.png,3
train/3/9037.png,3
train/3/7497.png,3
train/3/9004.png,3
train/3/7666.png,3
train/3/7976.png,3
train/3/7147.png,3
train/3/7288.png,3
train/3/8360.png,3
train/3/7043.png,3
train/3/7397.png,3
train/3/808.png,3
train/3/7339.png,3
train/3/9466.png,3
train/3/9648.png,3
train/3/9424.png,3
train/3/8447.png,3
train/3/9959.png,3
train/3/8450.png,3
train/3/9679.png,3
train/3/9089.png,3
train/3/9401.png,3
train/3/8381.png,3
train/3/9168.png,3
train/3/861.png,3
train/3/7058.png,3
train/3/9991.png,3
train/3/998.png,3
train/3/8756.png,3
train/3/9294.png,3
train/3/9141.png,3
train/3/8710.png,3
train/3/7433.png,3
train/3/8052.png,3
train/3/8597.png,3
train/3/9400.png,3
train/3/9065.png,3
train/3/9303.png,3
train/3/9146.png,3
train/3/7150.png,3
train/3/8693.png,3
train/3/8865.png,3
train/3/7396.png,3
train/3/7283.png,3
train/3/8012.png,3
train/3/8716.png,3
train/3/752.png,3
train/3/9183.png,3
train/3/8684.png,3
train/3/9482.png,3
train/3/8425.png,3
train/3/8200.png,3
train/3/8075.png,3
train/3/9153.png,3
train/3/9561.png,3
train/3/9915.png,3
train/3/9620.png,3
train/3/7383.png,3
train/3/9319.png,3
train/3/8830.png,3
train/3/7422.png,3
train/3/7765.png,3
train/3/74.png,3
train/3/7132.png,3
train/3/8048.png,3
train/3/7987.png,3
train/3/7192.png,3
train/3/8790.png,3
train/3/857.png,3
train/3/8094.png,3
train/3/890.png,3
train/3/7966.png,3
train/3/9759.png,3
train/3/8700.png,3
train/3/7701.png,3
train/3/86.png,3
train/3/9624.png,3
train/3/9192.png,3
train/3/7672.png,3
train/3/9268.png,3
train/3/909.png,3
train/3/7263.png,3
train/3/8957.png,3
train/3/8824.png,3
train/3/8544.png,3
train/3/7803.png,3
train/3/895.png,3
train/3/8230.png,3
train/3/8643.png,3
train/3/9868.png,3
train/3/9491.png,3
train/3/875.png,3
train/3/7915.png,3
train/3/8163.png,3
train/3/8816.png,3
train/3/9553.png,3
train/3/9663.png,3
train/3/983.png,3
train/3/767.png,3
train/3/715.png,3
train/3/7214.png,3
train/3/9253.png,3
train/3/9637.png,3
train/3/760.png,3
train/3/7501.png,3
train/3/7980.png,3
train/3/9623.png,3
train/3/7635.png,3
train/3/8794.png,3
train/3/9621.png,3
train/3/7412.png,3
train/3/8120.png,3
train/3/9324.png,3
train/3/7225.png,3
train/3/8557.png,3
train/3/8228.png,3
train/3/8494.png,3
train/3/9053.png,3
train/3/7721.png,3
train/3/9977.png,3
train/3/9664.png,3
train/3/8017.png,3
train/3/9730.png,3
train/3/8528.png,3
train/3/7618.png,3
train/3/7031.png,3
train/3/7766.png,3
train/3/878.png,3
train/3/874.png,3
train/3/9848.png,3
train/3/8405.png,3
train/3/8708.png,3
train/3/9520.png,3
train/3/8254.png,3
train/3/7660.png,3
train/3/8455.png,3
train/3/8771.png,3
train/3/9335.png,3
train/3/8958.png,3
train/3/7582.png,3
train/3/7626.png,3
train/3/7322.png,3
train/3/9610.png,3
train/3/8169.png,3
train/3/9879.png,3
train/3/7771.png,3
train/3/9427.png,3
train/3/8821.png,3
train/3/9786.png,3
train/3/8264.png,3
train/3/992.png,3
train/3/7455.png,3
train/3/9797.png,3
train/3/8122.png,3
train/3/9904.png,3
train/3/8786.png,3
train/3/9602.png,3
train/7/7085.png,7
train/7/933.png,7
train/7/795.png,7
train/7/908.png,7
train/7/8572.png,7
train/7/8651.png,7
train/7/9954.png,7
train/7/8090.png,7
train/7/928.png,7
train/7/8142.png,7
train/7/7423.png,7
train/7/948.png,7
train/7/7331.png,7
train/7/8954.png,7
train/7/9519.png,7
train/7/971.png,7
train/7/7309.png,7
train/7/7852.png,7
train/7/7229.png,7
train/7/9665.png,7
train/7/9885.png,7
train/7/9235.png,7
train/7/7754.png,7
train/7/868.png,7
train/7/8196.png,7
train/7/7527.png,7
train/7/9854.png,7
train/7/8364.png,7
train/7/7167.png,7
train/7/7697.png,7
train/7/8741.png,7
train/7/9833.png,7
train/7/7384.png,7
train/7/8629.png,7
train/7/8517.png,7
train/7/8556.png,7
train/7/803.png,7
train/7/7737.png,7
train/7/8637.png,7
train/7/7054.png,7
train/7/8375.png,7
train/7/7255.png,7
train/7/753.png,7
train/7/9888.png,7
train/7/9444.png,7
train/7/9988.png,7
train/7/8248.png,7
train/7/724.png,7
train/7/8167.png,7
train/7/904.png,7
train/7/7783.png,7
train/7/7509.png,7
train/7/7795.png,7
train/7/8783.png,7
train/7/8345.png,7
train/7/981.png,7
train/7/773.png,7
train/7/9429.png,7
train/7/9551.png,7
train/7/934.png,7
train/7/8849.png,7
train/7/7334.png,7
train/7/750.png,7
train/7/8267.png,7
train/7/8861.png,7
train/7/7494.png,7
train/7/7961.png,7
train/7/8069.png,7
train/7/8186.png,7
train/7/8429.png,7
train/7/730.png,7
train/7/9747.png,7
train/7/8594.png,7
train/7/9276.png,7
train/7/8068.png,7
train/7/9263.png,7
train/7/9077.png,7
train/7/7866.png,7
train/7/8084.png,7
train/7/7446.png,7
train/7/7605.png,7
train/7/8562.png,7
train/7/9774.png,7
train/7/8516.png,7
train/7/8079.png,7
train/7/8182.png,7
train/7/8735.png,7
train/7/7525.png,7
train/7/7534.png,7
train/7/7889.png,7
train/7/8436.png,7
train/7/8283.png,7
train/7/7644.png,7
train/7/9724.png,7
train/7/9115.png,7
train/7/7197.png,7
train/7/7213.png,7
train/7/9901.png,7
train/7/7686.png,7
train/7/7547.png,7
train/7/7001.png,7
train/7/8828.png,7
train/7/8361.png,7
train/7/911.png,7
train/7/8232.png,7
train/7/8198.png,7
train/7/7210.png,7
train/7/8845.png,7
train/7/8396.png,7
train/7/723.png,7
train/7/9882.png,7
train/7/7809.png,7
train/7/9660.png,7
train/7/9454.png,7
train/7/8990.png,7
train/7/9200.png,7
train/7/7679.png,7
train/7/9214.png,7
train/7/942.png,7
train/7/7945.png,7
train/7/9270.png,7
train/7/8268.png,7
train/7/8559.png,7
train/7/7386.png,7
train/7/7770.png,7
train/7/7033.png,7
train/7/7913.png,7
train/7/9582.png,7
train/7/9082.png,7
train/7/7616.png,7
train/7/7445.png,7
train/7/9927.png,7
train/7/918.png,7
train/7/8138.png,7
train/7/786.png,7
train/7/8107.png,7
train/7/7352.png,7
train/7/7314.png,7
train/7/7418.png,7
train/7/839.png,7
train/7/8237.png,7
train/7/9669.png,7
train/7/7304.png,7
train/7/9052.png,7
train/7/853.png,7
train/7/9467.png,7
train/7/9470.png,7
train/7/8913.png,7
train/7/9538.png,7
train/7/7301.png,7
train/7/703.png,7
train/7/9535.png,7
train/7/8038.png,7
train/7/9001.png,7
train/7/8576.png,7
train/7/8827.png,7
train/7/8463.png,7
train/7/9548.png,7
train/7/7284.png,7
train/7/8571.png,7
train/7/9023.png,7
train/7/7287.png,7
train/7/7236.png,7
train/7/8991.png,7
train/7/8049.png,7
train/7/9768.png,7
train/7/8217.png,7
train/7/7781.png,7
train/7/9351.png,7
train/7/7028.png,7
train/7/9267.png,7
train/7/8214.png,7
train/7/9382.png,7
train/7/8717.png,7
train/7/9510.png,7
train/7/9955.png,7
train/7/8655.png,7
train/7/7931.png,7
train/7/8647.png,7
train/7/9793.png,7
train/7/7869.png,7
train/7/9711.png,7
train/7/8389.png,7
train/7/7278.png,7
train/7/7113.png,7
train/7/9549.png,7
train/7/8949.png,7
train/7/7362.png,7
train/7/9060.png,7
train/7/819.png,7
train/7/9788.png,7
train/7/7992.png,7
train/7/79.png,7
train/7/7906.png,7
train/7/8566.png,7
train/7/8168.png,7
train/7/9716.png,7
train/7/91.png,7
train/7/8910.png,7
train/7/8286.png,7
train/7/9274.png,7
train/7/8205.png,7
train/7/7694.png,7
train/7/7808.png,7
train/7/8801.png,7
train/7/7380.png,7
train/7/9373.png,7
train/7/7899.png,7
train/7/9416.png,7
train/7/898.png,7
train/7/8483.png,7
train/7/8959.png,7
train/7/9434.png,7
train/7/8437.png,7
train/7/883.png,7
train/7/7010.png,7
train/7/954.png,7
train/7/7388.png,7
train/7/9426.png,7
train/7/9676.png,7
train/7/9886.png,7
train/7/994.png,7
train/7/884.png,7
train/7/7420.png,7
train/7/7226.png,7
train/7/8297.png,7
train/7/7470.png,7
train/7/8044.png,7
train/7/7943.png,7
train/7/9560.png,7
train/7/7017.png,7
train/7/8803.png,7
train/7/8616.png,7
train/7/9681.png,7
train/7/8798.png,7
train/7/7277.png,7
train/7/7403.png,7
train/7/8698.png,7
train/7/7849.png,7
train/7/7730.png,7
train/7/9007.png,7
train/7/8596.png,7
train/7/8965.png,7
train/7/9999.png,7
train/7/8804.png,7
train/7/9499.png,7
train/7/7731.png,7
train/7/9188.png,7
train/7/8401.png,7
train/7/7099.png,7
train/7/8143.png,7
train/7/9588.png,7
train/7/8256.png,7
train/7/9283.png,7
train/7/995.png,7
train/7/820.png,7
train/7/9097.png,7
train/7/7059.png,7
train/7/8699.png,7
train/7/8353.png,7
train/7/8931.png,7
train/7/9767.png,7
train/7/9102.png,7
train/7/9787.png,7
train/7/7125.png,7
train/7/8302.png,7
train/7/9343.png,7
train/7/8805.png,7
train/7/7437.png,7
train/7/9831.png,7
train/7/9223.png,7
train/7/84.png,7
train/7/8604.png,7
train/7/9433.png,7
train/7/7959.png,7
train/7/7663.png,7
train/7/7565.png,7
train/7/8499.png,7
train/7/7438.png,7
train/7/9198.png,7
train/7/8137.png,7
train/7/9143.png,7
train/7/9432.png,7
train/7/7092.png,7
train/7/9644.png,7
train/7/824.png,7
train/7/8114.png,7
train/7/8362.png,7
train/7/880.png,7
train/7/9571.png,7
train/7/8444.png,7
train/7/7994.png,7
train/7/9740.png,7
train/7/7530.png,7
train/7/9445.png,7
train/7/950.png,7
train/7/9843.png,7
train/7/8476.png,7
train/7/8502.png,7
train/7/962.png,7
train/7/8130.png,7
train/7/8144.png,7
train/7/9307.png,7
train/7/9545.png,7
train/7/7348.png,7
train/7/8980.png,7
train/7/8170.png,7
train/7/9327.png,7
train/7/7568.png,7
train/7/9243.png,7
train/7/8020.png,7
train/7/7306.png,7
train/7/9656.png,7
train/7/9022.png,7
train/7/9494.png,7
train/7/96.png,7
train/7/7610.png,7
train/7/798.png,7
train/7/9598.png,7
train/7/8791.png,7
train/7/7608.png,7
train/7/7769.png,7
train/7/8280.png,7
train/7/888.png,7
train/7/7513.png,7
train/7/9911.png,7
train/7/969.png,7
train/7/7174.png,7
train/7/9908.png,7
train/7/9878.png,7
train/7/9606.png,7
train/7/9657.png,7
train/7/8665.png,7
train/7/9356.png,7
train/7/9502.png,7
train/7/8511.png,7
train/7/7950.png,7
train/7/9086.png,7
train/7/8866.png,7
train/7/9286.png,7
train/7/9498.png,7
train/7/7643.png,7
train/7/9603.png,7
train/7/71.png,7
train/7/9395.png,7
train/7/7340.png,7
train/7/728.png,7
train/7/9990.png,7
train/7/9522.png,7
train/7/7173.png,7
train/7/9273.png,7
train/7/7621.png,7
train/7/9905.png,7
train/7/9162.png,7
train/7/9224.png,7
train/7/968.png,7
train/7/8123.png,7
train/7/9992.png,7
train/7/936.png,7
train/7/8377.png,7
train/7/8718.png,7
train/7/8758.png,7
train/7/9157.png,7
valid/3/8430.png,3
valid/3/7946.png,3
valid/3/933.png,3
valid/3/9308.png,3
valid/3/795.png,3
valid/3/7248.png,3
valid/3/7431.png,3
valid/3/8970.png,3
valid/3/747.png,3
valid/3/8864.png,3
valid/3/849.png,3
valid/3/7476.png,3
valid/3/8753.png,3
valid/3/8570.png,3
valid/3/9804.png,3
valid/3/8856.png,3
valid/3/7519.png,3
valid/3/9812.png,3
valid/3/7740.png,3
valid/3/8290.png,3
valid/3/9975.png,3
valid/3/9860.png,3
valid/3/8379.png,3
valid/3/8411.png,3
valid/3/9235.png,3
valid/3/7639.png,3
valid/3/9011.png,3
valid/3/8694.png,3
valid/3/9059.png,3
valid/3/9363.png,3
valid/3/7055.png,3
valid/3/8032.png,3
valid/3/8115.png,3
valid/3/957.png,3
valid/3/7024.png,3
valid/3/9655.png,3
valid/3/9524.png,3
valid/3/7140.png,3
valid/3/925.png,3
valid/3/9889.png,3
valid/3/811.png,3
valid/3/753.png,3
valid/3/8780.png,3
valid/3/8674.png,3
valid/3/9914.png,3
valid/3/9717.png,3
valid/3/8972.png,3
valid/3/7131.png,3
valid/3/8167.png,3
valid/3/8533.png,3
valid/3/7956.png,3
valid/3/7509.png,3
valid/3/9202.png,3
valid/3/9100.png,3
valid/3/9063.png,3
valid/3/7936.png,3
valid/3/7103.png,3
valid/3/9429.png,3
valid/3/90.png,3
valid/3/9790.png,3
valid/3/9219.png,3
valid/3/8407.png,3
valid/3/7257.png,3
valid/3/9390.png,3
valid/3/8975.png,3
valid/3/8518.png,3
valid/3/7233.png,3
valid/3/9680.png,3
valid/3/7365.png,3
valid/3/8854.png,3
valid/3/8551.png,3
valid/3/8842.png,3
valid/3/8186.png,3
valid/3/9662.png,3
valid/3/7590.png,3
valid/3/8429.png,3
valid/3/8603.png,3
valid/3/9654.png,3
valid/3/8946.png,3
valid/3/976.png,3
valid/3/7719.png,3
valid/3/7436.png,3
valid/3/8777.png,3
valid/3/8485.png,3
valid/3/855.png,3
valid/3/8246.png,3
valid/3/9380.png,3
valid/3/9511.png,3
valid/3/7831.png,3
valid/3/9305.png,3
valid/3/7750.png,3
valid/3/9106.png,3
valid/3/9027.png,3
valid/3/7272.png,3
valid/3/9558.png,3
valid/3/8840.png,3
valid/3/7644.png,3
valid/3/8397.png,3
valid/3/8939.png,3
valid/3/9115.png,3
valid/3/8607.png,3
valid/3/8952.png,3
valid/3/9742.png,3
valid/3/8981.png,3
valid/3/7350.png,3
valid/3/7674.png,3
valid/3/7993.png,3
valid/3/9579.png,3
valid/3/7692.png,3
valid/3/727.png,3
valid/3/7675.png,3
valid/3/9925.png,3
valid/3/9882.png,3
valid/3/7252.png,3
valid/3/9762.png,3
valid/3/9479.png,3
valid/3/7800.png,3
valid/3/8867.png,3
valid/3/8296.png,3
valid/3/9431.png,3
valid/3/912.png,3
valid/3/93.png,3
valid/3/7215.png,3
valid/3/7097.png,3
valid/3/9670.png,3
valid/3/8393.png,3
valid/3/8201.png,3
valid/3/8346.png,3
valid/3/9943.png,3
valid/3/7932.png,3
valid/3/7983.png,3
valid/3/9559.png,3
valid/3/9083.png,3
valid/3/865.png,3
valid/3/7250.png,3
valid/3/7995.png,3
valid/3/8508.png,3
valid/3/7981.png,3
valid/3/8561.png,3
valid/3/7458.png,3
valid/3/9758.png,3
valid/3/8903.png,3
valid/3/8337.png,3
valid/3/9582.png,3
valid/3/944.png,3
valid/3/9365.png,3
valid/3/9229.png,3
valid/3/7554.png,3
valid/3/7620.png,3
valid/3/938.png,3
valid/3/7407.png,3
valid/3/9501.png,3
valid/3/7311.png,3
valid/3/9275.png,3
valid/3/792.png,3
valid/3/8660.png,3
valid/3/9750.png,3
valid/3/958.png,3
valid/3/7841.png,3
valid/3/8026.png,3
valid/3/780.png,3
valid/3/8785.png,3
valid/3/9261.png,3
valid/3/7006.png,3
valid/3/7326.png,3
valid/3/9942.png,3
valid/3/8070.png,3
valid/3/8713.png,3
valid/3/8014.png,3
valid/3/9182.png,3
valid/3/7374.png,3
valid/3/7479.png,3
valid/3/9073.png,3
valid/3/8087.png,3
valid/3/9342.png,3
valid/3/807.png,3
valid/3/9548.png,3
valid/3/8140.png,3
valid/3/8308.png,3
valid/3/8435.png,3
valid/3/7656.png,3
valid/3/8860.png,3
valid/3/7065.png,3
valid/3/9468.png,3
valid/3/9872.png,3
valid/3/7329.png,3
valid/3/7075.png,3
valid/3/7119.png,3
valid/3/7207.png,3
valid/3/9636.png,3
valid/3/7026.png,3
valid/3/7893.png,3
valid/3/8263.png,3
valid/3/8171.png,3
valid/3/8655.png,3
valid/3/7398.png,3
valid/3/8916.png,3
valid/3/7595.png,3
valid/3/7628.png,3
valid/3/7312.png,3
valid/3/7282.png,3
valid/3/7690.png,3
valid/3/9474.png,3
valid/3/819.png,3
valid/3/9163.png,3
valid/3/8080.png,3
valid/3/8910.png,3
valid/3/7435.png,3
valid/3/9965.png,3
valid/3/9227.png,3
valid/3/8461.png,3
valid/3/8801.png,3
valid/3/8483.png,3
valid/3/883.png,3
valid/3/7010.png,3
valid/3/7829.png,3
valid/3/8598.png,3
valid/3/8162.png,3
valid/3/808.png,3
valid/3/7804.png,3
valid/3/8701.png,3
valid/3/7470.png,3
valid/3/87.png,3
valid/3/8271.png,3
valid/3/7529.png,3
valid/3/847.png,3
valid/3/8597.png,3
valid/3/7849.png,3
valid/3/8370.png,3
valid/3/7730.png,3
valid/3/8060.png,3
valid/3/9007.png,3
valid/3/9332.png,3
valid/3/8156.png,3
valid/3/7157.png,3
valid/3/9944.png,3
valid/3/7396.png,3
valid/3/8716.png,3
valid/3/8684.png,3
valid/3/8811.png,3
valid/3/9604.png,3
valid/3/9561.png,3
valid/3/9283.png,3
valid/3/8354.png,3
valid/3/887.png,3
valid/3/7222.png,3
valid/3/76.png,3
valid/3/8766.png,3
valid/3/9156.png,3
valid/3/7104.png,3
valid/3/9409.png,3
valid/3/9787.png,3
valid/3/7193.png,3
valid/3/890.png,3
valid/3/9697.png,3
valid/3/8226.png,3
valid/3/894.png,3
valid/3/7551.png,3
valid/3/9624.png,3
valid/3/9192.png,3
valid/3/7185.png,3
valid/3/8010.png,3
valid/3/8703.png,3
valid/3/8362.png,3
valid/3/7543.png,3
valid/3/9177.png,3
valid/3/8419.png,3
valid/3/8957.png,3
valid/3/9445.png,3
valid/3/7040.png,3
valid/3/9491.png,3
valid/3/9370.png,3
valid/3/8924.png,3
valid/3/8489.png,3
valid/3/8130.png,3
valid/3/7170.png,3
valid/3/7484.png,3
valid/3/9996.png,3
valid/3/7211.png,3
valid/3/7798.png,3
valid/3/8206.png,3
valid/3/7821.png,3
valid/3/7568.png,3
valid/3/7214.png,3
valid/3/9231.png,3
valid/3/9656.png,3
valid/3/7501.png,3
valid/3/7117.png,3
valid/3/9581.png,3
valid/3/9022.png,3
valid/3/9707.png,3
valid/3/9614.png,3
valid/3/9217.png,3
valid/3/801.png,3
valid/3/927.png,3
valid/3/7858.png,3
valid/3/9460.png,3
valid/3/9125.png,3
valid/3/7610.png,3
valid/3/8277.png,3
valid/3/8120.png,3
valid/3/8328.png,3
valid/3/9727.png,3
valid/3/8494.png,3
valid/3/8050.png,3
valid/3/7968.png,3
valid/3/7905.png,3
valid/3/8624.png,3
valid/3/7714.png,3
valid/3/9840.png,3
valid/3/7292.png,3
valid/3/734.png,3
valid/3/9175.png,3
valid/3/9821.png,3
valid/3/9430.png,3
valid/3/8451.png,3
valid/3/9881.png,3
valid/3/8272.png,3
valid/3/9056.png,3
valid/3/923.png,3
valid/3/9536.png,3
valid/3/7763.png,3
valid/3/8254.png,3
valid/3/815.png,3
valid/3/7875.png,3
valid/3/782.png,3
valid/3/8154.png,3
valid/3/7130.png,3
valid/3/991.png,3
valid/3/8471.png,3
valid/3/7771.png,3
valid/3/9986.png,3
valid/3/8821.png,3
valid/3/9905.png,3
valid/3/9797.png,3
valid/3/8876.png,3
valid/3/982.png,3
valid/3/8581.png,3
valid/3/9828.png,3
valid/3/7401.png,3
valid/3/8215.png,3
valid/3/9238.png,3
valid/3/8293.png,3
valid/3/9157.png,3
valid/3/7333.png,3
valid/3/8706.png,3
valid/7/8825.png,7
valid/7/7844.png,7
valid/7/7268.png,7
valid/7/8651.png,7
valid/7/7538.png,7
valid/7/8606.png,7
valid/7/9852.png,7
valid/7/9393.png,7
valid/7/7390.png,7
valid/7/930.png,7
valid/7/7852.png,7
valid/7/9684.png,7
valid/7/7355.png,7
valid/7/9773.png,7
valid/7/7760.png,7
valid/7/7978.png,7
valid/7/80.png,7
valid/7/8402.png,7
valid/7/7801.png,7
valid/7/9288.png,7
valid/7/7648.png,7
valid/7/7754.png,7
valid/7/9015.png,7
valid/7/9458.png,7
valid/7/7650.png,7
valid/7/8874.png,7
valid/7/7523.png,7
valid/7/8364.png,7
valid/7/8525.png,7
valid/7/8391.png,7
valid/7/9567.png,7
valid/7/7432.png,7
valid/7/8871.png,7
valid/7/8106.png,7
valid/7/9958.png,7
valid/7/8911.png,7
valid/7/771.png,7
valid/7/8727.png,7
valid/7/8134.png,7
valid/7/9543.png,7
valid/7/8375.png,7
valid/7/7032.png,7
valid/7/7320.png,7
valid/7/9851.png,7
valid/7/7460.png,7
valid/7/8248.png,7
valid/7/8541.png,7
valid/7/7490.png,7
valid/7/9399.png,7
valid/7/832.png,7
valid/7/9957.png,7
valid/7/8734.png,7
valid/7/7030.png,7
valid/7/8110.png,7
valid/7/9451.png,7
valid/7/7533.png,7
valid/7/9340.png,7
valid/7/987.png,7
valid/7/7877.png,7
valid/7/7141.png,7
valid/7/8203.png,7
valid/7/8465.png,7
valid/7/7334.png,7
valid/7/9019.png,7
valid/7/7940.png,7
valid/7/8736.png,7
valid/7/730.png,7
valid/7/7504.png,7
valid/7/842.png,7
valid/7/9077.png,7
valid/7/8030.png,7
valid/7/7419.png,7
valid/7/83.png,7
valid/7/946.png,7
valid/7/7912.png,7
valid/7/8815.png,7
valid/7/7614.png,7
valid/7/7286.png,7
valid/7/960.png,7
valid/7/726.png,7
valid/7/9087.png,7
valid/7/7276.png,7
valid/7/9608.png,7
valid/7/7307.png,7
valid/7/9067.png,7
valid/7/9864.png,7
valid/7/9963.png,7
valid/7/7865.png,7
valid/7/8654.png,7
valid/7/7605.png,7
valid/7/8984.png,7
valid/7/8926.png,7
valid/7/7584.png,7
valid/7/8008.png,7
valid/7/8497.png,7
valid/7/9302.png,7
valid/7/8767.png,7
valid/7/8003.png,7
valid/7/7197.png,7
valid/7/9894.png,7
valid/7/9186.png,7
valid/7/8265.png,7
valid/7/8190.png,7
valid/7/911.png,7
valid/7/7695.png,7
valid/7/7598.png,7
valid/7/7189.png,7
valid/7/9384.png,7
valid/7/8188.png,7
valid/7/8617.png,7
valid/7/9300.png,7
valid/7/9413.png,7
valid/7/9660.png,7
valid/7/7796.png,7
valid/7/97.png,7
valid/7/9101.png,7
valid/7/8064.png,7
valid/7/9916.png,7
valid/7/7477.png,7
valid/7/9166.png,7
valid/7/8608.png,7
valid/7/9270.png,7
valid/7/7998.png,7
valid/7/8641.png,7
valid/7/7296.png,7
valid/7/822.png,7
valid/7/746.png,7
valid/7/9169.png,7
valid/7/7445.png,7
valid/7/9279.png,7
valid/7/7573.png,7
valid/7/917.png,7
valid/7/9463.png,7
valid/7/8519.png,7
valid/7/9448.png,7
valid/7/9196.png,7
valid/7/8591.png,7
valid/7/9036.png,7
valid/7/8749.png,7
valid/7/9895.png,7
valid/7/9204.png,7
valid/7/9419.png,7
valid/7/7124.png,7
valid/7/7645.png,7
valid/7/853.png,7
valid/7/8175.png,7
valid/7/8678.png,7
valid/7/9816.png,7
valid/7/7300.png,7
valid/7/7493.png,7
valid/7/810.png,7
valid/7/9000.png,7
valid/7/703.png,7
valid/7/7632.png,7
valid/7/859.png,7
valid/7/7861.png,7
valid/7/8304.png,7
valid/7/7392.png,7
valid/7/8573.png,7
valid/7/8350.png,7
valid/7/8316.png,7
valid/7/7544.png,7
valid/7/7985.png,7
valid/7/9734.png,7
valid/7/705.png,7
valid/7/846.png,7
valid/7/8638.png,7
valid/7/9257.png,7
valid/7/9979.png,7
valid/7/8620.png,7
valid/7/9447.png,7
valid/7/8398.png,7
valid/7/8321.png,7
valid/7/8202.png,7
valid/7/7069.png,7
valid/7/841.png,7
valid/7/8631.png,7
valid/7/9781.png,7
valid/7/8124.png,7
valid/7/9586.png,7
valid/7/7180.png,7
valid/7/7041.png,7
valid/7/9573.png,7
valid/7/8480.png,7
valid/7/7028.png,7
valid/7/8218.png,7
valid/7/9884.png,7
valid/7/9576.png,7
valid/7/8956.png,7
valid/7/8074.png,7
valid/7/8475.png,7
valid/7/9374.png,7
valid/7/9711.png,7
valid/7/7362.png,7
valid/7/9788.png,7
valid/7/7711.png,7
valid/7/9486.png,7
valid/7/79.png,7
valid/7/9650.png,7
valid/7/9495.png,7
valid/7/8688.png,7
valid/7/9328.png,7
valid/7/7079.png,7
valid/7/7654.png,7
valid/7/8565.png,7
valid/7/898.png,7
valid/7/9172.png,7
valid/7/8959.png,7
valid/7/9515.png,7
valid/7/9164.png,7
valid/7/7260.png,7
valid/7/7219.png,7
valid/7/8403.png,7
valid/7/7082.png,7
valid/7/8510.png,7
valid/7/9618.png,7
valid/7/7647.png,7
valid/7/9765.png,7
valid/7/7021.png,7
valid/7/7606.png,7
valid/7/9560.png,7
valid/7/9919.png,7
valid/7/8257.png,7
valid/7/825.png,7
valid/7/9294.png,7
valid/7/9141.png,7
valid/7/8733.png,7
valid/7/8512.png,7
valid/7/8052.png,7
valid/7/8904.png,7
valid/7/7356.png,7
valid/7/9045.png,7
valid/7/8698.png,7
valid/7/9690.png,7
valid/7/8428.png,7
valid/7/9262.png,7
valid/7/9869.png,7
valid/7/7677.png,7
valid/7/8417.png,7
valid/7/9746.png,7
valid/7/9806.png,7
valid/7/8401.png,7
valid/7/702.png,7
valid/7/7744.png,7
valid/7/75.png,7
valid/7/7230.png,7
valid/7/9242.png,7
valid/7/9151.png,7
valid/7/9469.png,7
valid/7/70.png,7
valid/7/7059.png,7
valid/7/7439.png,7
valid/7/8931.png,7
valid/7/8302.png,7
valid/7/8805.png,7
valid/7/7927.png,7
valid/7/9314.png,7
valid/7/9823.png,7
valid/7/8387.png,7
valid/7/7966.png,7
valid/7/7416.png,7
valid/7/7908.png,7
valid/7/9935.png,7
valid/7/8313.png,7
valid/7/7565.png,7
valid/7/7701.png,7
valid/7/9721.png,7
valid/7/9899.png,7
valid/7/86.png,7
valid/7/8356.png,7
valid/7/8421.png,7
valid/7/9644.png,7
valid/7/8285.png,7
valid/7/9031.png,7
valid/7/909.png,7
valid/7/9009.png,7
valid/7/7098.png,7
valid/7/9546.png,7
valid/7/880.png,7
valid/7/9640.png,7
valid/7/852.png,7
valid/7/950.png,7
valid/7/9868.png,7
valid/7/8918.png,7
valid/7/9628.png,7
valid/7/7915.png,7
valid/7/756.png,7
valid/7/8144.png,7
valid/7/9731.png,7
valid/7/7145.png,7
valid/7/9566.png,7
valid/7/9327.png,7
valid/7/8043.png,7
valid/7/9044.png,7
valid/7/9637.png,7
valid/7/9837.png,7
valid/7/7088.png,7
valid/7/941.png,7
valid/7/7204.png,7
valid/7/8833.png,7
valid/7/9505.png,7
valid/7/9968.png,7
valid/7/9285.png,7
valid/7/8885.png,7
valid/7/8555.png,7
valid/7/8891.png,7
valid/7/9113.png,7
valid/7/8791.png,7
valid/7/7111.png,7
valid/7/7513.png,7
valid/7/9652.png,7
valid/7/9108.png,7
valid/7/8742.png,7
valid/7/7825.png,7
valid/7/8234.png,7
valid/7/7267.png,7
valid/7/8151.png,7
valid/7/7960.png,7
valid/7/7766.png,7
valid/7/9147.png,7
valid/7/9534.png,7
valid/7/7924.png,7
valid/7/9909.png,7
valid/7/7144.png,7
valid/7/8284.png,7
valid/7/9212.png,7
valid/7/7238.png,7
valid/7/7902.png,7
valid/7/8173.png,7
valid/7/7950.png,7
valid/7/9323.png,7
valid/7/8883.png,7
valid/7/9024.png,7
valid/7/9859.png,7
valid/7/7903.png,7
valid/7/8455.png,7
valid/7/9929.png,7
valid/7/7375.png,7
valid/7/8837.png,7
valid/7/9990.png,7
valid/7/9522.png,7
valid/7/9771.png,7
valid/7/7757.png,7
valid/7/8974.png,7
valid/7/7467.png,7
valid/7/8786.png,7
valid/7/9248.png,7
valid/7/9743.png,7
valid/7/8718.png,7
valid/7/7734.png,7
valid/7/0.png,7
valid/7/8282.png,7
valid/7/7149.png,7
